"1","fcjaysmz","1974-07-01 00:00:00","False"
"2","kpwsbrdn","2003-06-10 00:00:00","True"
"3","cgelogfe","1972-07-04 00:00:00","True"
"4","iyykwdce","1958-01-05 00:00:00","False"
"5","enftexui","1909-12-28 00:00:00","False"
"6","pubayjzn","1989-01-03 00:00:00","True"
"7","uuxidalh","1922-07-10 00:00:00","False"
"8","wmzrofqi","1922-02-20 00:00:00","True"
"9","cgmryfzj","1922-08-05 00:00:00","False"
"10","gdibkcpo","1999-02-01 00:00:00","False"
"11","lledgtmj","1926-06-30 00:00:00","False"
"12","lnxlfeqj","1934-09-30 00:00:00","False"
"13","wofgewon","1922-01-22 00:00:00","False"
"14","ybslkepi","1978-11-23 00:00:00","False"
"15","mhxraitl","2012-06-22 00:00:00","True"
"16","yylffelt","2013-06-20 00:00:00","False"
"17","hhioezjf","1922-04-18 00:00:00","True"
"18","wbrtkcwn","1985-06-13 00:00:00","False"
"19","yegdsdol","1922-04-02 00:00:00","True"
"20","ciionqsd","2016-08-12 00:00:00","True"
"21","zegpwgnj","1907-08-01 00:00:00","False"
"22","lrhfbhnr","1922-03-29 00:00:00","True"
"23","frsdiuae","1907-12-22 00:00:00","True"
"24","syurazje","1988-09-28 00:00:00","True"
"25","esqfcqub","2004-02-15 00:00:00","False"
"26","qmdtpqkb","1918-03-12 00:00:00","True"
"27","wpneibqx","2018-08-05 00:00:00","False"
"28","izyemnhf","1965-09-03 00:00:00","True"
"29","gqomzpfn","1951-02-04 00:00:00","False"
"30","mzjafrwf","2006-06-06 00:00:00","True"
"31","wsaarpok","2009-06-18 00:00:00","True"
"32","pbrtzznq","2002-04-16 00:00:00","False"
"33","vtjhyqut","1987-10-05 00:00:00","False"
"34","zqzeyanu","1984-03-01 00:00:00","False"
"35","hiaenihz","2001-06-27 00:00:00","True"
"36","tzhywqjp","1923-08-12 00:00:00","False"
"37","egequrbg","2005-03-30 00:00:00","True"
"38","jrysdqtr","1910-02-17 00:00:00","False"
"39","nrajhxjy","1993-10-22 00:00:00","False"
"40","aqvdzdud","2016-06-03 00:00:00","True"
"41","vbgyjucq","2007-04-22 00:00:00","False"
"42","lponvfij","1991-06-07 00:00:00","True"
"43","rksindoc","2004-07-21 00:00:00","True"
"44","phhsduce","2004-08-07 00:00:00","True"
"45","xhgsdyte","2003-12-14 00:00:00","True"
"46","wqfhgjqb","1947-02-01 00:00:00","True"
"47","zjnulqzk","1940-06-18 00:00:00","False"
"48","vzysupih","2010-11-10 00:00:00","True"
"49","fwquqrnj","1989-03-31 00:00:00","False"
"50","sftckhjd","1917-10-04 00:00:00","True"
